{
  "accuracy": 0.9739910313901345,
  "precision": 0.9918032786885246,
  "recall": 0.8120805369127517,
  "f1_score": 0.8929889298892989,
  "confusion_matrix": [
    [
      965,
      1
    ],
    [
      28,
      121
    ]
  ],
  "classification_report": {
    "ham": {
      "precision": 0.9718026183282981,
      "recall": 0.9989648033126294,
      "f1-score": 0.9851965288412455,
      "support": 966.0
    },
    "spam": {
      "precision": 0.9918032786885246,
      "recall": 0.8120805369127517,
      "f1-score": 0.8929889298892989,
      "support": 149.0
    },
    "accuracy": 0.9739910313901345,
    "macro avg": {
      "precision": 0.9818029485084113,
      "recall": 0.9055226701126906,
      "f1-score": 0.9390927293652722,
      "support": 1115.0
    },
    "weighted avg": {
      "precision": 0.9744753523136558,
      "recall": 0.9739910313901345,
      "f1-score": 0.9728746165149317,
      "support": 1115.0
    }
  },
  "train_size": 4457,
  "test_size": 1115,
  "total_samples": 5572
}